txid,observed_at,block_time,block_height,confirmed,fee_sats,fee_btc,value_sats,value_btc,vsize,fee_rate_sat_vb,input_count,output_count,status,data_source,collection_mode,india_attribution_status,privacy_note
4a5e1e4baab89f3a32518a88c31bc87f618f76673e2cc77ab2127b7afdeda33b,2026-08-30T14:22:10Z,2026-08-30T14:20:05Z,892100,true,14520,0.00014520,185000000,1.85000000,224,64.82,2,2,CONFIRMED,Public Bitcoin Blockchain Context (Cached Demo Sample),Offline cached sample,No verified India attribution possible from public on-chain data,Public blockchain fields do not reveal verified wallet owner identity, IP address, state, city, or nationality.
b28f731cc91e0a8d6e32bc1f568a91c238e89f8123bc6518723984afc7823901,2026-08-30T14:23:45Z,2026-08-30T14:20:05Z,892100,true,8420,0.00008420,42100000,0.42100000,141,59.72,1,2,CONFIRMED,Public Bitcoin Blockchain Context (Cached Demo Sample),Offline cached sample,No verified India attribution possible from public on-chain data,Public blockchain fields do not reveal verified wallet owner identity, IP address, state, city, or nationality.
c77192a83e01bc8947261aefd440192bc9381746253819284716382910394857,2026-08-30T14:25:12Z,2026-08-30T14:20:05Z,892100,true,32400,0.00032400,560000000,5.60000000,372,87.10,4,3,CONFIRMED,Public Bitcoin Blockchain Context (Cached Demo Sample),Offline cached sample,No verified India attribution possible from public on-chain data,Public blockchain fields do not reveal verified wallet owner identity, IP address, state, city, or nationality.
f901823746192837465019283746501928374650192837465019283746501928,2026-08-30T14:27:00Z,2026-08-30T14:20:05Z,892100,true,6200,0.00006200,12500000,0.12500000,110,56.36,1,1,CONFIRMED,Public Bitcoin Blockchain Context (Cached Demo Sample),Offline cached sample,No verified India attribution possible from public on-chain data,Public blockchain fields do not reveal verified wallet owner identity, IP address, state, city, or nationality.
1829304958671829304958671829304958671829304958671829304958671829,2026-08-30T14:31:18Z,2026-08-30T14:29:40Z,892101,true,18900,0.00018900,240000000,2.40000000,285,66.32,2,4,CONFIRMED,Public Bitcoin Blockchain Context (Cached Demo Sample),Offline cached sample,No verified India attribution possible from public on-chain data,Public blockchain fields do not reveal verified wallet owner identity, IP address, state, city, or nationality.
aa77bb88cc99dd00ee11ff223344556677889900aabbccddeeff001122334455,2026-08-30T14:33:05Z,2026-08-30T14:29:40Z,892101,true,9200,0.00009200,89000000,0.89000000,166,55.42,1,2,CONFIRMED,Public Bitcoin Blockchain Context (Cached Demo Sample),Offline cached sample,No verified India attribution possible from public on-chain data,Public blockchain fields do not reveal verified wallet owner identity, IP address, state, city, or nationality.
554433221100ffeeddccbbaa99887766554433221100ffeeddccbbaa99887766,2026-08-30T14:35:22Z,2026-08-30T14:29:40Z,892101,true,45100,0.00045100,875000000,8.75000000,480,93.96,5,2,CONFIRMED,Public Bitcoin Blockchain Context (Cached Demo Sample),Offline cached sample,No verified India attribution possible from public on-chain data,Public blockchain fields do not reveal verified wallet owner identity, IP address, state, city, or nationality.
3b8192a01f92837465c019284756b1029384756c0192837465a0192837465b01,2026-08-30T14:40:11Z,2026-08-30T14:38:15Z,892102,true,7500,0.00007500,31000000,0.31000000,140,53.57,1,2,CONFIRMED,Public Bitcoin Blockchain Context (Cached Demo Sample),Offline cached sample,No verified India attribution possible from public on-chain data,Public blockchain fields do not reveal verified wallet owner identity, IP address, state, city, or nationality.
8c91a0b2c3d4e5f6a7b8c9d0e1f2a3b4c5d6e7f8a9b0c1d2e3f4a5b6c7d8e9f0,2026-08-30T14:42:04Z,2026-08-30T14:38:15Z,892102,true,28100,0.00028100,320000000,3.20000000,310,90.65,3,3,CONFIRMED,Public Bitcoin Blockchain Context (Cached Demo Sample),Offline cached sample,No verified India attribution possible from public on-chain data,Public blockchain fields do not reveal verified wallet owner identity, IP address, state, city, or nationality.
112233445566778899aabbccddeeff00112233445566778899aabbccddeeff00,2026-08-30T14:45:50Z,2026-08-30T14:38:15Z,892102,true,5100,0.00005100,9500000,0.09500000,112,45.54,1,1,CONFIRMED,Public Bitcoin Blockchain Context (Cached Demo Sample),Offline cached sample,No verified India attribution possible from public on-chain data,Public blockchain fields do not reveal verified wallet owner identity, IP address, state, city, or nationality.
99887766554433221100ffeeddccbbaa99887766554433221100ffeeddccbbaa,2026-08-30T14:50:33Z,2026-08-30T14:48:50Z,892103,true,12400,0.00012400,140000000,1.40000000,188,65.96,2,2,CONFIRMED,Public Bitcoin Blockchain Context (Cached Demo Sample),Offline cached sample,No verified India attribution possible from public on-chain data,Public blockchain fields do not reveal verified wallet owner identity, IP address, state, city, or nationality.
d1e2f3a4b5c6d7e8f9a0b1c2d3e4f5a6b7c8d9e0f1a2b3c4d5e6f7a8b9c0d1e2,2026-08-30T14:52:19Z,2026-08-30T14:48:50Z,892103,true,6800,0.00006800,55000000,0.55000000,142,47.89,1,2,CONFIRMED,Public Bitcoin Blockchain Context (Cached Demo Sample),Offline cached sample,No verified India attribution possible from public on-chain data,Public blockchain fields do not reveal verified wallet owner identity, IP address, state, city, or nationality.
e3f4a5b6c7d8e9f0a1b2c3d4e5f6a7b8c9d0e1f2a3b4c5d6e7f8a9b0c1d2e3f4,2026-08-30T14:55:01Z,2026-08-30T14:48:50Z,892103,true,52000,0.00052000,1200000000,12.00000000,540,96.30,6,4,CONFIRMED,Public Bitcoin Blockchain Context (Cached Demo Sample),Offline cached sample,No verified India attribution possible from public on-chain data,Public blockchain fields do not reveal verified wallet owner identity, IP address, state, city, or nationality.
f5a6b7c8d9e0f1a2b3c4d5e6f7a8b9c0d1e2f3a4b5c6d7e8f9a0b1c2d3e4f5a6,2026-08-30T15:01:10Z,2026-08-30T14:58:22Z,892104,true,8900,0.00008900,78000000,0.78000000,165,53.94,1,2,CONFIRMED,Public Bitcoin Blockchain Context (Cached Demo Sample),Offline cached sample,No verified India attribution possible from public on-chain data,Public blockchain fields do not reveal verified wallet owner identity, IP address, state, city, or nationality.
0a1b2c3d4e5f6a7b8c9d0e1f2a3b4c5d6e7f8a9b0c1d2e3f4a5b6c7d8e9f0a1b,2026-08-30T15:03:45Z,2026-08-30T14:58:22Z,892104,true,16200,0.00016200,210000000,2.10000000,225,72.00,2,3,CONFIRMED,Public Bitcoin Blockchain Context (Cached Demo Sample),Offline cached sample,No verified India attribution possible from public on-chain data,Public blockchain fields do not reveal verified wallet owner identity, IP address, state, city, or nationality.
2c3d4e5f6a7b8c9d0e1f2a3b4c5d6e7f8a9b0c1d2e3f4a5b6c7d8e9f0a1b2c3d,2026-08-30T15:07:30Z,2026-08-30T14:58:22Z,892104,true,4100,0.00004100,18000000,0.18000000,111,36.94,1,1,CONFIRMED,Public Bitcoin Blockchain Context (Cached Demo Sample),Offline cached sample,No verified India attribution possible from public on-chain data,Public blockchain fields do not reveal verified wallet owner identity, IP address, state, city, or nationality.
4e5f6a7b8c9d0e1f2a3b4c5d6e7f8a9b0c1d2e3f4a5b6c7d8e9f0a1b2c3d4e5f,2026-08-30T15:12:15Z,2026-08-30T15:10:05Z,892105,true,21500,0.00021500,450000000,4.50000000,280,76.79,3,2,CONFIRMED,Public Bitcoin Blockchain Context (Cached Demo Sample),Offline cached sample,No verified India attribution possible from public on-chain data,Public blockchain fields do not reveal verified wallet owner identity, IP address, state, city, or nationality.
6a7b8c9d0e1f2a3b4c5d6e7f8a9b0c1d2e3f4a5b6c7d8e9f0a1b2c3d4e5f6a7b,2026-08-30T15:14:40Z,2026-08-30T15:10:05Z,892105,true,9600,0.00009600,92000000,0.92000000,166,57.83,1,2,CONFIRMED,Public Bitcoin Blockchain Context (Cached Demo Sample),Offline cached sample,No verified India attribution possible from public on-chain data,Public blockchain fields do not reveal verified wallet owner identity, IP address, state, city, or nationality.
8c9d0e1f2a3b4c5d6e7f8a9b0c1d2e3f4a5b6c7d8e9f0a1b2c3d4e5f6a7b8c9d,2026-08-30T15:18:22Z,2026-08-30T15:10:05Z,892105,true,38200,0.00038200,670000000,6.70000000,410,93.17,4,4,CONFIRMED,Public Bitcoin Blockchain Context (Cached Demo Sample),Offline cached sample,No verified India attribution possible from public on-chain data,Public blockchain fields do not reveal verified wallet owner identity, IP address, state, city, or nationality.
0e1f2a3b4c5d6e7f8a9b0c1d2e3f4a5b6c7d8e9f0a1b2c3d4e5f6a7b8c9d0e1f,2026-08-30T15:21:05Z,2026-08-30T15:19:12Z,892106,true,7100,0.00007100,48000000,0.48000000,140,50.71,1,2,CONFIRMED,Public Bitcoin Blockchain Context (Cached Demo Sample),Offline cached sample,No verified India attribution possible from public on-chain data,Public blockchain fields do not reveal verified wallet owner identity, IP address, state, city, or nationality.
a1b2c3d4e5f6a7b8c9d0e1f2a3b4c5d6e7f8a9b0c1d2e3f4a5b6c7d8e9f0a1b2,2026-08-30T15:23:44Z,2026-08-30T15:19:12Z,892106,true,15400,0.00015400,195000000,1.95000000,224,68.75,2,2,CONFIRMED,Public Bitcoin Blockchain Context (Cached Demo Sample),Offline cached sample,No verified India attribution possible from public on-chain data,Public blockchain fields do not reveal verified wallet owner identity, IP address, state, city, or nationality.
c3d4e5f6a7b8c9d0e1f2a3b4c5d6e7f8a9b0c1d2e3f4a5b6c7d8e9f0a1b2c3d4,2026-08-30T15:26:18Z,2026-08-30T15:19:12Z,892106,true,29900,0.00029900,510000000,5.10000000,340,87.94,3,3,CONFIRMED,Public Bitcoin Blockchain Context (Cached Demo Sample),Offline cached sample,No verified India attribution possible from public on-chain data,Public blockchain fields do not reveal verified wallet owner identity, IP address, state, city, or nationality.
e5f6a7b8c9d0e1f2a3b4c5d6e7f8a9b0c1d2e3f4a5b6c7d8e9f0a1b2c3d4e5f6,2026-08-30T15:30:55Z,2026-08-30T15:28:44Z,892107,true,8100,0.00008100,62000000,0.62000000,164,49.39,1,2,CONFIRMED,Public Bitcoin Blockchain Context (Cached Demo Sample),Offline cached sample,No verified India attribution possible from public on-chain data,Public blockchain fields do not reveal verified wallet owner identity, IP address, state, city, or nationality.
a7b8c9d0e1f2a3b4c5d6e7f8a9b0c1d2e3f4a5b6c7d8e9f0a1b2c3d4e5f6a7b8,2026-08-30T15:33:10Z,2026-08-30T15:28:44Z,892107,true,19800,0.00019800,280000000,2.80000000,255,77.65,2,3,CONFIRMED,Public Bitcoin Blockchain Context (Cached Demo Sample),Offline cached sample,No verified India attribution possible from public on-chain data,Public blockchain fields do not reveal verified wallet owner identity, IP address, state, city, or nationality.
c9d0e1f2a3b4c5d6e7f8a9b0c1d2e3f4a5b6c7d8e9f0a1b2c3d4e5f6a7b8c9d0,2026-08-30T15:36:40Z,2026-08-30T15:28:44Z,892107,true,5800,0.00005800,22000000,0.22000000,115,50.43,1,1,CONFIRMED,Public Bitcoin Blockchain Context (Cached Demo Sample),Offline cached sample,No verified India attribution possible from public on-chain data,Public blockchain fields do not reveal verified wallet owner identity, IP address, state, city, or nationality.
e1f2a3b4c5d6e7f8a9b0c1d2e3f4a5b6c7d8e9f0a1b2c3d4e5f6a7b8c9d0e1f2,2026-08-30T15:40:02Z,2026-08-30T15:37:30Z,892108,true,48200,0.00048200,990000000,9.90000000,510,94.51,5,3,CONFIRMED,Public Bitcoin Blockchain Context (Cached Demo Sample),Offline cached sample,No verified India attribution possible from public on-chain data,Public blockchain fields do not reveal verified wallet owner identity, IP address, state, city, or nationality.
a3b4c5d6e7f8a9b0c1d2e3f4a5b6c7d8e9f0a1b2c3d4e5f6a7b8c9d0e1f2a3b4,2026-08-30T15:43:20Z,2026-08-30T15:37:30Z,892108,true,9100,0.00009100,83000000,0.83000000,165,55.15,1,2,CONFIRMED,Public Bitcoin Blockchain Context (Cached Demo Sample),Offline cached sample,No verified India attribution possible from public on-chain data,Public blockchain fields do not reveal verified wallet owner identity, IP address, state, city, or nationality.
c5d6e7f8a9b0c1d2e3f4a5b6c7d8e9f0a1b2c3d4e5f6a7b8c9d0e1f2a3b4c5d6,2026-08-30T15:47:11Z,2026-08-30T15:37:30Z,892108,true,14200,0.00014200,165000000,1.65000000,210,67.62,2,2,CONFIRMED,Public Bitcoin Blockchain Context (Cached Demo Sample),Offline cached sample,No verified India attribution possible from public on-chain data,Public blockchain fields do not reveal verified wallet owner identity, IP address, state, city, or nationality.
e7f8a9b0c1d2e3f4a5b6c7d8e9f0a1b2c3d4e5f6a7b8c9d0e1f2a3b4c5d6e7f8,2026-08-30T15:50:50Z,2026-08-30T15:48:15Z,892109,true,33500,0.00033500,610000000,6.10000000,380,88.16,4,3,CONFIRMED,Public Bitcoin Blockchain Context (Cached Demo Sample),Offline cached sample,No verified India attribution possible from public on-chain data,Public blockchain fields do not reveal verified wallet owner identity, IP address, state, city, or nationality.
a9b0c1d2e3f4a5b6c7d8e9f0a1b2c3d4e5f6a7b8c9d0e1f2a3b4c5d6e7f8a9b0,2026-08-30T15:53:15Z,2026-08-30T15:48:15Z,892109,true,6400,0.00006400,39000000,0.39000000,138,46.38,1,2,CONFIRMED,Public Bitcoin Blockchain Context (Cached Demo Sample),Offline cached sample,No verified India attribution possible from public on-chain data,Public blockchain fields do not reveal verified wallet owner identity, IP address, state, city, or nationality.
cb0d1e2f3a4b5c6d7e8f9a0b1c2d3e4f5a6b7c8d9e0f1a2b3c4d5e6f7a8b9c0d,2026-08-30T15:56:45Z,2026-08-30T15:48:15Z,892109,true,17800,0.00017800,230000000,2.30000000,240,74.17,2,2,CONFIRMED,Public Bitcoin Blockchain Context (Cached Demo Sample),Offline cached sample,No verified India attribution possible from public on-chain data,Public blockchain fields do not reveal verified wallet owner identity, IP address, state, city, or nationality.
ed2f3a4b5c6d7e8f9a0b1c2d3e4f5a6b7c8d9e0f1a2b3c4d5e6f7a8b9c0d1e2f,2026-08-30T16:01:20Z,2026-08-30T15:59:00Z,892110,true,8800,0.00008800,74000000,0.74000000,165,53.33,1,2,CONFIRMED,Public Bitcoin Blockchain Context (Cached Demo Sample),Offline cached sample,No verified India attribution possible from public on-chain data,Public blockchain fields do not reveal verified wallet owner identity, IP address, state, city, or nationality.
af4b5c6d7e8f9a0b1c2d3e4f5a6b7c8d9e0f1a2b3c4d5e6f7a8b9c0d1e2f3a4b,2026-08-30T16:04:10Z,2026-08-30T15:59:00Z,892110,true,46000,0.00046000,890000000,8.90000000,490,93.88,5,2,CONFIRMED,Public Bitcoin Blockchain Context (Cached Demo Sample),Offline cached sample,No verified India attribution possible from public on-chain data,Public blockchain fields do not reveal verified wallet owner identity, IP address, state, city, or nationality.
c16d7e8f9a0b1c2d3e4f5a6b7c8d9e0f1a2b3c4d5e6f7a8b9c0d1e2f3a4b5c6d,2026-08-30T16:08:35Z,2026-08-30T15:59:00Z,892110,true,5300,0.00005300,14500000,0.14500000,112,47.32,1,1,CONFIRMED,Public Bitcoin Blockchain Context (Cached Demo Sample),Offline cached sample,No verified India attribution possible from public on-chain data,Public blockchain fields do not reveal verified wallet owner identity, IP address, state, city, or nationality.
e38f9a0b1c2d3e4f5a6b7c8d9e0f1a2b3c4d5e6f7a8b9c0d1e2f3a4b5c6d7e8f,2026-08-30T16:12:00Z,2026-08-30T16:10:00Z,892111,true,12900,0.00012900,150000000,1.50000000,190,67.89,2,2,CONFIRMED,Public Bitcoin Blockchain Context (Cached Demo Sample),Offline cached sample,No verified India attribution possible from public on-chain data,Public blockchain fields do not reveal verified wallet owner identity, IP address, state, city, or nationality.
a50b1c2d3e4f5a6b7c8d9e0f1a2b3c4d5e6f7a8b9c0d1e2f3a4b5c6d7e8f9a0b,2026-08-30T16:15:22Z,2026-08-30T16:10:00Z,892111,true,27400,0.00027400,430000000,4.30000000,315,86.98,3,4,CONFIRMED,Public Bitcoin Blockchain Context (Cached Demo Sample),Offline cached sample,No verified India attribution possible from public on-chain data,Public blockchain fields do not reveal verified wallet owner identity, IP address, state, city, or nationality.
c72d3e4f5a6b7c8d9e0f1a2b3c4d5e6f7a8b9c0d1e2f3a4b5c6d7e8f9a0b1c2d,2026-08-30T16:18:40Z,2026-08-30T16:10:00Z,892111,true,7800,0.00007800,58000000,0.58000000,145,53.79,1,2,CONFIRMED,Public Bitcoin Blockchain Context (Cached Demo Sample),Offline cached sample,No verified India attribution possible from public on-chain data,Public blockchain fields do not reveal verified wallet owner identity, IP address, state, city, or nationality.
e94f5a6b7c8d9e0f1a2b3c4d5e6f7a8b9c0d1e2f3a4b5c6d7e8f9a0b1c2d3e4f,2026-08-30T16:22:15Z,2026-08-30T16:20:10Z,892112,true,36100,0.00036100,720000000,7.20000000,390,92.56,4,2,CONFIRMED,Public Bitcoin Blockchain Context (Cached Demo Sample),Offline cached sample,No verified India attribution possible from public on-chain data,Public blockchain fields do not reveal verified wallet owner identity, IP address, state, city, or nationality.
ab6a7b8c9d0e1f2a3b4c5d6e7f8a9b0c1d2e3f4a5b6c7d8e9f0a1b2c3d4e5f6a,2026-08-30T16:25:30Z,2026-08-30T16:20:10Z,892112,true,9400,0.00009400,86000000,0.86000000,166,56.63,1,2,CONFIRMED,Public Bitcoin Blockchain Context (Cached Demo Sample),Offline cached sample,No verified India attribution possible from public on-chain data,Public blockchain fields do not reveal verified wallet owner identity, IP address, state, city, or nationality.
cd8c9d0e1f2a3b4c5d6e7f8a9b0c1d2e3f4a5b6c7d8e9f0a1b2c3d4e5f6a7b8c,2026-08-30T16:28:50Z,2026-08-30T16:20:10Z,892112,true,18400,0.00018400,260000000,2.60000000,245,75.10,2,3,CONFIRMED,Public Bitcoin Blockchain Context (Cached Demo Sample),Offline cached sample,No verified India attribution possible from public on-chain data,Public blockchain fields do not reveal verified wallet owner identity, IP address, state, city, or nationality.
ef0e1f2a3b4c5d6e7f8a9b0c1d2e3f4a5b6c7d8e9f0a1b2c3d4e5f6a7b8c9d0e,2026-08-30T16:32:10Z,2026-08-30T16:30:15Z,892113,true,6600,0.00006600,35000000,0.35000000,139,47.48,1,2,CONFIRMED,Public Bitcoin Blockchain Context (Cached Demo Sample),Offline cached sample,No verified India attribution possible from public on-chain data,Public blockchain fields do not reveal verified wallet owner identity, IP address, state, city, or nationality.
a12a3b4c5d6e7f8a9b0c1d2e3f4a5b6c7d8e9f0a1b2c3d4e5f6a7b8c9d0e1f2a,2026-08-30T16:35:45Z,2026-08-30T16:30:15Z,892113,true,51500,0.00051500,1150000000,11.50000000,530,97.17,6,3,CONFIRMED,Public Bitcoin Blockchain Context (Cached Demo Sample),Offline cached sample,No verified India attribution possible from public on-chain data,Public blockchain fields do not reveal verified wallet owner identity, IP address, state, city, or nationality.
c34c5d6e7f8a9b0c1d2e3f4a5b6c7d8e9f0a1b2c3d4e5f6a7b8c9d0e1f2a3b4c,2026-08-30T16:38:20Z,2026-08-30T16:30:15Z,892113,true,13700,0.00013700,175000000,1.75000000,205,66.83,2,2,CONFIRMED,Public Bitcoin Blockchain Context (Cached Demo Sample),Offline cached sample,No verified India attribution possible from public on-chain data,Public blockchain fields do not reveal verified wallet owner identity, IP address, state, city, or nationality.
e56e7f8a9b0c1d2e3f4a5b6c7d8e9f0a1b2c3d4e5f6a7b8c9d0e1f2a3b4c5d6e,2026-08-30T16:42:00Z,2026-08-30T16:40:00Z,892114,true,8300,0.00008300,67000000,0.67000000,165,50.30,1,2,CONFIRMED,Public Bitcoin Blockchain Context (Cached Demo Sample),Offline cached sample,No verified India attribution possible from public on-chain data,Public blockchain fields do not reveal verified wallet owner identity, IP address, state, city, or nationality.
a78a9b0c1d2e3f4a5b6c7d8e9f0a1b2c3d4e5f6a7b8c9d0e1f2a3b4c5d6e7f8a,2026-08-30T16:45:15Z,2026-08-30T16:40:00Z,892114,true,25600,0.00025600,380000000,3.80000000,295,86.78,3,3,CONFIRMED,Public Bitcoin Blockchain Context (Cached Demo Sample),Offline cached sample,No verified India attribution possible from public on-chain data,Public blockchain fields do not reveal verified wallet owner identity, IP address, state, city, or nationality.
c90c1d2e3f4a5b6c7d8e9f0a1b2c3d4e5f6a7b8c9d0e1f2a3b4c5d6e7f8a9b0c,2026-08-30T16:48:30Z,2026-08-30T16:40:00Z,892114,true,4700,0.00004700,11000000,0.11000000,110,42.73,1,1,CONFIRMED,Public Bitcoin Blockchain Context (Cached Demo Sample),Offline cached sample,No verified India attribution possible from public on-chain data,Public blockchain fields do not reveal verified wallet owner identity, IP address, state, city, or nationality.
eb2e3f4a5b6c7d8e9f0a1b2c3d4e5f6a7b8c9d0e1f2a3b4c5d6e7f8a9b0c1d2e,2026-08-30T16:51:55Z,2026-08-30T16:50:10Z,892115,true,15800,0.00015800,205000000,2.05000000,225,70.22,2,3,CONFIRMED,Public Bitcoin Blockchain Context (Cached Demo Sample),Offline cached sample,No verified India attribution possible from public on-chain data,Public blockchain fields do not reveal verified wallet owner identity, IP address, state, city, or nationality.
ad4a5b6c7d8e9f0a1b2c3d4e5f6a7b8c9d0e1f2a3b4c5d6e7f8a9b0c1d2e3f4a,2026-08-30T16:54:20Z,2026-08-30T16:50:10Z,892115,true,30800,0.00030800,540000000,5.40000000,350,88.00,3,2,CONFIRMED,Public Bitcoin Blockchain Context (Cached Demo Sample),Offline cached sample,No verified India attribution possible from public on-chain data,Public blockchain fields do not reveal verified wallet owner identity, IP address, state, city, or nationality.
cf6c7d8e9f0a1b2c3d4e5f6a7b8c9d0e1f2a3b4c5d6e7f8a9b0c1d2e3f4a5b6c,2026-08-30T16:57:40Z,2026-08-30T16:50:10Z,892115,true,9800,0.00009800,95000000,0.95000000,166,59.04,1,2,CONFIRMED,Public Bitcoin Blockchain Context (Cached Demo Sample),Offline cached sample,No verified India attribution possible from public on-chain data,Public blockchain fields do not reveal verified wallet owner identity, IP address, state, city, or nationality.
e18e9f0a1b2c3d4e5f6a7b8c9d0e1f2a3b4c5d6e7f8a9b0c1d2e3f4a5b6c7d8e,2026-08-30T17:01:05Z,2026-08-30T17:00:00Z,892116,true,41500,0.00041500,810000000,8.10000000,440,94.32,4,4,CONFIRMED,Public Bitcoin Blockchain Context (Cached Demo Sample),Offline cached sample,No verified India attribution possible from public on-chain data,Public blockchain fields do not reveal verified wallet owner identity, IP address, state, city, or nationality.
a30a1b2c3d4e5f6a7b8c9d0e1f2a3b4c5d6e7f8a9b0c1d2e3f4a5b6c7d8e9f0a,2026-08-30T17:05:12Z,2026-08-30T17:00:00Z,892116,true,7300,0.00007300,52000000,0.52000000,142,51.41,1,2,CONFIRMED,Public Bitcoin Blockchain Context (Cached Demo Sample),Offline cached sample,No verified India attribution possible from public on-chain data,Public blockchain fields do not reveal verified wallet owner identity, IP address, state, city, or nationality.
c52c3d4e5f6a7b8c9d0e1f2a3b4c5d6e7f8a9b0c1d2e3f4a5b6c7d8e9f0a1b2c,2026-08-30T17:08:45Z,2026-08-30T17:00:00Z,892116,true,16900,0.00016900,220000000,2.20000000,230,73.48,2,2,CONFIRMED,Public Bitcoin Blockchain Context (Cached Demo Sample),Offline cached sample,No verified India attribution possible from public on-chain data,Public blockchain fields do not reveal verified wallet owner identity, IP address, state, city, or nationality.
e74e5f6a7b8c9d0e1f2a3b4c5d6e7f8a9b0c1d2e3f4a5b6c7d8e9f0a1b2c3d4e,2026-08-30T17:12:30Z,,,false,8700,0.00008700,64000000,0.64000000,165,52.73,1,2,UNCONFIRMED_MEMPOOL,Public Bitcoin Blockchain Context (Cached Demo Sample),Offline cached sample,No verified India attribution possible from public on-chain data,Public blockchain fields do not reveal verified wallet owner identity, IP address, state, city, or nationality.
a96a7b8c9d0e1f2a3b4c5d6e7f8a9b0c1d2e3f4a5b6c7d8e9f0a1b2c3d4e5f6a,2026-08-30T17:14:50Z,,,false,19200,0.00019200,270000000,2.70000000,250,76.80,2,3,UNCONFIRMED_MEMPOOL,Public Bitcoin Blockchain Context (Cached Demo Sample),Offline cached sample,No verified India attribution possible from public on-chain data,Public blockchain fields do not reveal verified wallet owner identity, IP address, state, city, or nationality.
cb8c9d0e1f2a3b4c5d6e7f8a9b0c1d2e3f4a5b6c7d8e9f0a1b2c3d4e5f6a7b8c,2026-08-30T17:17:10Z,,,false,34000,0.00034000,630000000,6.30000000,375,90.67,4,2,UNCONFIRMED_MEMPOOL,Public Bitcoin Blockchain Context (Cached Demo Sample),Offline cached sample,No verified India attribution possible from public on-chain data,Public blockchain fields do not reveal verified wallet owner identity, IP address, state, city, or nationality.
ed0e1f2a3b4c5d6e7f8a9b0c1d2e3f4a5b6c7d8e9f0a1b2c3d4e5f6a7b8c9d0e,2026-08-30T17:19:40Z,,,false,5500,0.00005500,19000000,0.19000000,114,48.25,1,1,UNCONFIRMED_MEMPOOL,Public Bitcoin Blockchain Context (Cached Demo Sample),Offline cached sample,No verified India attribution possible from public on-chain data,Public blockchain fields do not reveal verified wallet owner identity, IP address, state, city, or nationality.
af2a3b4c5d6e7f8a9b0c1d2e3f4a5b6c7d8e9f0a1b2c3d4e5f6a7b8c9d0e1f2a,2026-08-30T17:21:55Z,,,false,14800,0.00014800,180000000,1.80000000,215,68.84,2,2,UNCONFIRMED_MEMPOOL,Public Bitcoin Blockchain Context (Cached Demo Sample),Offline cached sample,No verified India attribution possible from public on-chain data,Public blockchain fields do not reveal verified wallet owner identity, IP address, state, city, or nationality.
c14c5d6e7f8a9b0c1d2e3f4a5b6c7d8e9f0a1b2c3d4e5f6a7b8c9d0e1f2a3b4c,2026-08-30T17:24:15Z,,,false,49500,0.00049500,1050000000,10.50000000,520,95.19,5,4,UNCONFIRMED_MEMPOOL,Public Bitcoin Blockchain Context (Cached Demo Sample),Offline cached sample,No verified India attribution possible from public on-chain data,Public blockchain fields do not reveal verified wallet owner identity, IP address, state, city, or nationality.
e36e7f8a9b0c1d2e3f4a5b6c7d8e9f0a1b2c3d4e5f6a7b8c9d0e1f2a3b4c5d6e,2026-08-30T17:27:00Z,,,false,9100,0.00009100,81000000,0.81000000,165,55.15,1,2,UNCONFIRMED_MEMPOOL,Public Bitcoin Blockchain Context (Cached Demo Sample),Offline cached sample,No verified India attribution possible from public on-chain data,Public blockchain fields do not reveal verified wallet owner identity, IP address, state, city, or nationality.
a58a9b0c1d2e3f4a5b6c7d8e9f0a1b2c3d4e5f6a7b8c9d0e1f2a3b4c5d6e7f8a,2026-08-30T17:29:20Z,,,false,22800,0.00022800,340000000,3.40000000,270,84.44,3,2,UNCONFIRMED_MEMPOOL,Public Bitcoin Blockchain Context (Cached Demo Sample),Offline cached sample,No verified India attribution possible from public on-chain data,Public blockchain fields do not reveal verified wallet owner identity, IP address, state, city, or nationality.
c70c1d2e3f4a5b6c7d8e9f0a1b2c3d4e5f6a7b8c9d0e1f2a3b4c5d6e7f8a9b0c,2026-08-30T17:31:45Z,,,false,6900,0.00006900,44000000,0.44000000,140,49.29,1,2,UNCONFIRMED_MEMPOOL,Public Bitcoin Blockchain Context (Cached Demo Sample),Offline cached sample,No verified India attribution possible from public on-chain data,Public blockchain fields do not reveal verified wallet owner identity, IP address, state, city, or nationality.
